Kategori,Kabupaten/Kota,Tahun,IKP_offstat,"IPM (Indeks 
Pembangunan Manusia)","Kepadatan Penduduk 
per km persegi (Km2)",Tingkat Pengangguran Terbuka (TPT) (Persen),Persentase Penduduk Miskin  (Persen),"Luas Panen 
Tanaman Padi 
(ha) (Ha)","Produktivitas 
Tanaman Padi 
(ku/ha) (Ku/ha)_offstat","Rekap Produksi 
Padi 
(ton) (Ton)_offstat",Jumlah bayi Gizi Kurang (Rb),Jumlah bayi (Rb),Prevalensi Bayi Gizi Kurang,IPM,Kemiskinan,TPT,Kepadatan_Penduduk,Prevalensi_Gizi_Kurang,PC1,PC2,PC3,PC4,PC5,IKP_cluster,"Rekap Produksi 
Padi 
(ton) (Ton)_cluster","Produktivitas 
Tanaman Padi 
(ku/ha) (Ku/ha)_cluster",Cluster,_merge
kabupaten,Bangkalan,2021,74.04,65.42,1070.0,8.07,21.57,42110.04,46.38,195323.29,2251.0,70930.0,3.173551389,65.42,21.57,8.07,1070,3.173551389,-1.844631485803221,-1.882462685723802,2.277394196172402,1.756071182316859,-0.0794767600965516,74.04,195323.29,46.38,2,both
kabupaten,Bangkalan,2022,70.59,66.11,835.0,8.05,19.44,40717.81,48.66,198122.71,341.0,74560.0,0.4573497854,66.11,19.44,8.05,835,0.4573497854,-1.564565658370961,-1.948946504413873,2.153887233000033,1.308191706113314,-0.1601164073025661,70.59,198122.71,48.66,2,both
kabupaten,Bangkalan,2023,73.23,66.82,839.0,6.18,19.35,38011.82,49.0,186257.96,861.0,79000.0,1.089873418,66.82,19.35,6.18,839,1.089873418,-1.910492982272972,-1.465031591145052,1.199489625925329,1.18219631520303,-0.0649342269440023,73.23,186257.96,49.0,2,both
kabupaten,Bangkalan,2024,62.86808,67.33,847.0,5.35,18.66,39554.55,47.82,189161.9,9598.0,84840.0,11.31305988,67.33,18.66,5.35,847,11.31305988,-1.967896406961684,-0.6294179591597888,1.01257659166055,1.12373676391912,-0.0760726761858288,62.86808,189161.9,47.82,2,both
kabupaten,Bangkalan,2025,61.95261,68.15,855.0,5.31,18.25,46903.0,47.71,223789.0,1353.0,93260.0,1.450782758,68.15,18.25,5.31,855,1.450782758,-1.82363015358,-1.172649130988261,0.6893088414515698,0.9470822302851992,0.0236856505455853,61.95261,223789.0,47.71,2,both
kabupaten,Banyuwangi,2021,82.8,72.62,297.0,5.42,8.07,89125.2,57.61,513490.07,3572.0,119130.0,2.998405104,72.62,8.07,5.42,297,2.998405104,-0.1786888210020608,-0.6361505258561903,0.4521798768765208,-0.8743397591819841,-0.2810358225490589,82.8,513490.07,57.61,2,both
kabupaten,Banyuwangi,2022,83.82,73.15,482.0,5.26,7.51,76748.03,60.22,462205.98,466.0,121230.0,0.384393302,73.15,7.51,5.26,482,0.384393302,-0.0429840958784897,-0.7211117908918143,0.2429800208576025,-0.9477226271683036,-0.2854280128183236,83.82,462205.98,60.22,2,both
kabupaten,Banyuwangi,2023,84.91,73.79,485.0,4.75,7.34,75062.48,60.59,454768.46,3111.0,123190.0,2.525367319,73.79,7.34,4.75,485,2.525367319,-0.0681193623959696,-0.4549225286882201,0.0113617252029887,-0.9913720900215528,-0.2047497468898277,84.91,454768.46,60.59,2,both
kabupaten,Banyuwangi,2024,73.22435,74.3,488.0,4.03,6.54,67240.56,58.84,395631.38,22347.0,124260.0,17.98406567,74.3,6.54,4.03,488,17.98406567,-0.0908023790533378,0.6717895355647985,0.0147821858223788,-1.009352376461533,-0.2329737044435854,73.22435,395631.38,58.84,2,both
kabupaten,Banyuwangi,2025,77.6196,75.17,491.0,3.94,6.13,75650.0,59.97,453636.0,3101.0,122830.0,2.524627534,75.17,6.13,3.94,491,2.524627534,0.0499118345807746,-0.1926368254327144,-0.4813043332957115,-1.247864489078322,-0.1176818100967002,77.6196,453636.0,59.97,2,both
kabupaten,Blitar,2021,83.83,71.48,921.0,3.66,9.65,38640.6,64.02,247366.27,3964.0,79180.0,5.006314726,71.48,9.65,3.66,921,5.006314726,-0.7761582707594319,-0.198117042903254,-0.3814682179730581,-0.4931629790733163,-0.4115108589987936,83.83,247366.27,64.02,2,both
kabupaten,Blitar,2022,84.34,72.25,711.0,5.45,8.71,34137.74,63.12,215482.79,960.0,80150.0,1.197754211,72.25,8.71,5.45,711,1.197754211,-0.1963324265288447,-0.7797893867948149,0.3922442959272609,-0.653759808324204,-0.3389692810072192,84.34,215482.79,63.12,2,both
kabupaten,Blitar,2023,86.27,72.84,718.0,4.91,8.69,36340.17,66.1,240224.41,4818.0,81650.0,5.900796081,72.84,8.69,4.91,718,5.900796081,-0.2531028572048491,-0.3605091431319488,0.217338751408101,-0.647661658519186,-0.2537215605716565,86.27,240224.41,66.1,2,both
kabupaten,Blitar,2024,64.87176,73.44,724.0,4.77,8.16,30789.76,55.59,171154.02,36040.0,83700.0,43.05854241,73.44,8.16,4.77,724,43.05854241,-0.1736883020963587,1.921701513565237,1.080009082896784,-0.3706880248571376,-0.2602490480752052,64.87176,171154.02,55.59,1,both
kabupaten,Blitar,2025,69.7067,74.43,730.0,4.49,7.57,35796.0,64.65,231437.0,4914.0,86330.0,5.692111665,74.43,7.57,4.49,730,5.692111665,-0.0277043938877764,-0.196721467848552,-0.0932875975426385,-0.8709032891073404,-0.1205562757148575,69.7067,231437.0,64.65,2,both
kabupaten,Bojonegoro,2021,84.4,70.7,595.0,4.82,13.27,134609.22,50.07,674002.0,4939.0,88840.0,5.559432688,70.7,13.27,4.82,595,5.559432688,-1.103487352911724,-0.5772694448024884,0.3706286014116428,0.0568305401765731,-0.074722103928073,84.4,674002.0,50.07,2,both
kabupaten,Bojonegoro,2022,83.55,71.15,569.0,4.69,12.21,133665.5,52.69,704288.94,648.0,87620.0,0.7395571787,71.15,12.21,4.69,569,0.7395571787,-0.9569390045155162,-0.7865831935826979,0.1410534516028715,-0.1810082517290307,-0.1092960955043158,83.55,704288.94,52.69,2,both
kabupaten,Bojonegoro,2023,85.4,71.8,571.0,4.63,12.18,132712.02,53.2,705962.63,3728.0,86120.0,4.328843474,71.8,12.18,4.63,571,4.328843474,-0.8927373732640048,-0.5407678181783768,0.1755756080962897,-0.1624230240466375,-0.0103910067556328,85.4,705962.63,53.2,2,both
kabupaten,Bojonegoro,2024,71.94791,72.75,573.0,4.42,11.69,131220.56,54.15,710527.18,30415.0,84270.0,36.0923223,72.75,11.69,4.42,573,36.0923223,-0.7909647615894282,1.443375326040851,0.8483588968465408,0.0554904345450874,0.0520460985194568,71.94791,710527.18,54.15,1,both
kabupaten,Bojonegoro,2025,72.2373,73.74,575.0,3.9,11.49,160748.0,54.72,879685.0,4833.0,81890.0,5.901819514,73.74,11.49,3.9,575,5.901819514,-0.7537237892456301,-0.2062353075332081,-0.248913538859667,-0.3261547395248511,0.2259999838448681,72.2373,879685.0,54.72,2,both
kabupaten,Bondowoso,2021,74.89,69.24,510.0,4.46,14.73,51620.95,50.16,258951.46,3565.0,55050.0,6.475930972,69.24,14.73,4.46,510,6.475930972,-1.55534134802769,-0.5307425281188314,0.3203877024572318,0.2702393887295503,-0.1412514976387822,74.89,258951.46,50.16,2,both
kabupaten,Bondowoso,2022,73.78,69.91,503.0,4.32,13.47,48240.7,49.48,238677.65,767.0,56320.0,1.361860795,69.91,13.47,4.32,503,1.361860795,-1.356739329184463,-0.7424555032376622,0.0616550804029219,3.406295627347791e-05,-0.1647973746433896,73.78,238677.65,49.48,2,both
kabupaten,Bondowoso,2023,75.5,70.56,507.0,4.15,13.34,50364.98,49.2,247778.74,2663.0,57250.0,4.651528384,70.56,13.34,4.15,507,4.651528384,-1.30583128403135,-0.4860434603523654,0.0307972692510309,-0.0058473734383139,-0.0776504266844694,75.5,247778.74,49.2,2,both
kabupaten,Bondowoso,2024,67.5429,71.22,510.0,3.63,12.6,50609.62,51.27,259477.68,18984.0,57610.0,32.95261239,71.22,12.6,3.63,510,32.95261239,-1.278908573328817,1.363065454546743,0.4648481947961767,0.1246992892736774,-0.0887113843666071,67.5429,259477.68,51.27,1,both
kabupaten,Bondowoso,2025,70.71132,71.72,512.0,2.55,12.2,56112.0,49.69,278822.0,3035.0,57050.0,5.319894829,71.72,12.2,2.55,512,5.319894829,-1.408978402134253,-0.0127943071491233,-0.8292748947805416,-0.2872830179776224,-0.0241174319210975,70.71132,278822.0,49.69,2,both
kabupaten,Gresik,2021,88.25,76.98,1109.0,8.0,12.42,61394.39,61.84,379666.19,4983.0,96290.0,5.174992211,76.98,12.42,8.0,1109,5.174992211,0.6050585906319522,-1.124047311679998,1.59220913205416,0.1683414692059588,0.7970055680406961,88.25,379666.19,61.84,2,both
kabupaten,Gresik,2022,86.81,77.62,1061.0,7.84,11.06,63287.2,64.98,411242.2,750.0,95890.0,0.7821462092,77.62,11.06,7.84,1061,0.7821462092,0.7976010135888129,-1.285763157911469,1.347184680469766,-0.1239110541983203,0.7633696038046073,86.81,411242.2,64.98,2,both
kabupaten,Gresik,2023,90.39,78.44,1075.0,6.82,10.96,66202.61,63.05,417428.58,4113.0,95660.0,4.29960276,78.44,10.96,6.82,1075,4.29960276,0.6666871463875483,-0.8193853771328804,0.8879592678860365,-0.1715694317293967,0.8751741690246034,90.39,417428.58,63.05,2,both
kabupaten,Gresik,2024,77.82347,78.93,1086.0,6.45,10.32,54057.45,60.85,328959.53,32939.0,95970.0,34.32218402,78.93,10.32,6.45,1086,34.32218402,0.6977137712694831,1.090451477025301,1.450608147453381,0.0059574218423317,0.8446379815701319,77.82347,328959.53,60.85,1,both
kabupaten,Gresik,2025,78.46176,79.69,1096.0,5.47,9.95,62003.0,60.58,375591.0,4628.0,97560.0,4.743747437,79.69,9.95,5.47,1096,4.743747437,0.6212699575352228,-0.41831730190911,0.1439868327702321,-0.4167263201737453,0.957001254018052,78.46176,375591.0,60.58,2,both
kabupaten,Jember,2021,76.7,69.2,825.0,5.44,10.41,124027.77,49.64,615697.87,17297.0,164120.0,10.53923958,69.2,10.41,5.44,825,10.53923958,-0.7414988925962811,-0.359083115720074,0.7842377018964205,-0.2094718010996805,-0.683126270882659,76.7,615697.87,49.64,2,both
kabupaten,Jember,2022,78.34,69.8,775.0,4.06,9.39,118489.25,51.26,607371.19,927.0,168720.0,0.54943101,69.8,9.39,4.06,775,0.54943101,-0.879017718800012,-0.5906725540477491,-0.2095018054214782,-0.5757286245785295,-0.6851904447204203,78.34,607371.19,51.26,2,both
kabupaten,Jember,2023,77.43,70.42,781.0,4.01,9.51,120187.87,51.31,616725.77,11966.0,174320.0,6.864387334,70.42,9.51,4.01,781,6.864387334,-0.8347689055452228,-0.1905611603324594,-0.0948066053897554,-0.5037342897313007,-0.5783887109269842,77.43,616725.77,51.31,2,both
kabupaten,Jember,2024,67.6726,70.93,786.0,3.23,9.01,120069.41,51.91,623264.88,98309.0,181480.0,54.17070752,70.93,9.01,3.23,786,54.17070752,-0.9269776343441174,2.838752130523078,0.716886047545328,-0.1554589198941816,-0.6119956234163191,67.6726,623264.88,51.91,1,both
kabupaten,Jember,2025,68.52474,71.57,791.0,3.07,8.67,135436.0,50.17,679514.0,13131.0,191520.0,6.856203008,71.57,8.67,3.07,791,6.856203008,-0.8179256781889012,0.081854611498996,-0.6355499611176189,-0.704929998587808,-0.4893723601522501,68.52474,679514.0,50.17,2,both
kabupaten,Jombang,2021,83.71,74.1,1189.0,7.09,10.0,54968.44,59.46,326826.64,7697.0,97090.0,7.927695952,74.1,10.0,7.09,1189,7.927695952,0.3582651181057222,-0.7440119817966571,1.270748260235281,-0.1660219069602017,0.0297463545034024,83.71,326826.64,59.46,2,both
kabupaten,Jombang,2022,83.89,74.66,1204.0,5.47,9.04,54896.68,61.42,337172.14,1085.0,98110.0,1.105901539,74.66,9.04,5.47,1204,1.105901539,0.1651227896155491,-0.7349238732470327,0.2334388164039236,-0.4835794776698415,0.0115458113404561,83.89,337172.14,61.42,2,both
kabupaten,Jombang,2023,83.99,75.16,1218.0,4.66,9.15,56762.71,61.11,346873.45,5736.0,99210.0,5.781675234,75.16,9.15,4.66,1218,5.781675234,0.0201279331129545,-0.2628522845282374,-0.0718521980157263,-0.4693990077769285,0.0937816176758253,83.99,346873.45,61.11,2,both
kabupaten,Jombang,2024,72.84379,75.67,1228.0,3.75,8.6,55369.46,61.82,342291.32,50647.0,100170.0,50.56104622,75.67,8.6,3.75,1228,50.56104622,-0.0940132292244497,2.647028790637014,0.6068692675669926,-0.1604788752616486,0.0560436914407788,72.84379,342291.32,61.82,1,both
kabupaten,Jombang,2025,80.92683,76.37,1238.0,3.28,8.36,71349.0,61.9,441642.0,7008.0,100510.0,6.972440553,76.37,8.36,3.28,1238,6.972440553,-0.0641526678180416,0.180818423116674,-0.8048099996274266,-0.6739189175574913,0.1926703510502579,80.92683,441642.0,61.9,2,both
kabupaten,Kediri,2021,80.64,73.31,1186.0,5.15,11.64,35113.22,56.45,198222.01,8040.0,116240.0,6.916724019,73.31,11.64,5.15,1186,6.916724019,-0.3888480919724923,-0.4420462284093714,0.3412240779134041,-0.0200355632087576,0.0733157821772142,80.64,198222.01,56.45,2,both
kabupaten,Kediri,2022,79.16,74.2,1087.0,6.83,10.65,29379.86,57.47,168853.55,555.0,118860.0,0.466935891,74.2,10.65,6.83,1087,0.466935891,0.2121527069064147,-1.150684316500495,0.9690405359599594,-0.1883550800233203,0.1436840350401701,79.16,168853.55,57.47,2,both
kabupaten,Kediri,2023,78.22,74.68,1101.0,5.79,10.72,31268.33,58.7,183533.76,7069.0,121560.0,5.815235275,74.68,10.72,5.79,1101,5.815235275,0.0149614600672192,-0.5854348740296035,0.5660301046338758,-0.18667579214305,0.2160625792417352,78.22,183533.76,58.7,2,both
kabupaten,Kediri,2024,70.43341,75.18,1109.0,5.1,9.95,30496.57,57.08,174072.2,54864.0,123620.0,44.3811681,75.18,9.95,5.1,1109,44.3811681,-0.0186891445717467,1.911343155721509,1.188727065537097,0.0371798872694707,0.1611445345543715,70.43341,174072.2,57.08,1,both
kabupaten,Kediri,2025,71.13512,76.09,1117.0,4.71,9.81,34198.0,57.99,198324.0,7533.0,123550.0,6.097126669,76.09,9.81,4.71,1117,6.097126669,0.0389973613581851,-0.2546383055404546,-0.0509561035525466,-0.4062054229048149,0.3380050423246323,71.13512,198324.0,57.99,2,both
kota,Kota Batu,2021,74.74,77.21,1570.0,6.57,4.09,825.39,69.67,5750.19,930.0,16500.0,5.636363636,77.21,4.09,6.57,1570,5.636363636,1.39910642328004,-0.4723134825369962,0.6365255323288463,-1.074796743727596,-0.1819450794578975,74.74,5750.19,69.67,3,both
kota,Kota Batu,2022,76.86,78.13,1116.0,8.43,3.79,1059.45,63.83,6762.57,805.0,16570.0,4.858177429,78.13,3.79,8.43,1116,4.858177429,1.878750703796936,-0.9090762182806768,1.565513792339898,-1.179738194681169,0.0251656129655941,76.86,6762.57,63.83,3,both
kota,Kota Batu,2023,80.16,79.07,1134.0,4.52,3.31,727.29,66.86,4862.81,1215.0,16570.0,7.332528666,79.07,3.31,4.52,1134,7.332528666,1.127818851699934,0.1673879623229829,-0.3837819530647216,-1.465770760746596,0.0987522769133192,80.16,4862.81,66.86,3,both
kota,Kota Batu,2024,73.98952,79.69,1147.0,3.63,3.06,503.25,72.72,3659.41,7073.0,16430.0,43.04930006,79.69,3.06,3.63,1147,43.04930006,1.001694200988333,2.524659054716605,0.0692933189584763,-1.20102853785405,0.1231099143168582,73.98952,3659.41,72.72,1,both
kota,Kota Batu,2025,73.07955,80.35,1159.0,3.53,2.86,513.0,58.99,3025.0,1023.0,16020.0,6.38576779,80.35,2.86,3.53,1159,6.38576779,1.105410643215416,0.3850690918076555,-0.9735942775294356,-1.615454851588644,0.2510274464203471,73.07955,3025.0,58.99,3,both
kota,Kota Blitar,2021,68.69,79.27,4617.0,6.61,7.89,884.95,65.46,5793.3,477.0,10730.0,4.445479963,79.27,7.89,6.61,4617,4.445479963,1.891455317117848,-0.6116954512608299,0.1925620330299115,0.4425757149925779,0.0637022644599671,68.69,5793.3,65.46,3,both
kota,Kota Blitar,2022,74.57,80.15,4577.0,5.39,7.37,728.19,71.58,5212.13,892.0,10800.0,8.259259259,80.15,7.37,5.39,4577,8.259259259,1.758325383414178,-0.0663629879745279,-0.3631996679899141,0.3024120473695363,0.1462713943054751,74.57,5212.13,71.58,3,both
kota,Kota Blitar,2023,79.25,80.78,4619.0,5.24,7.3,786.57,71.66,5636.68,601.0,10890.0,5.51882461,80.78,7.3,5.24,4619,5.51882461,1.81682891386921,-0.1765138330604036,-0.5447576892958865,0.2584530315210935,0.2376730821041002,79.25,5636.68,71.66,3,both
kota,Kota Blitar,2024,64.85564,81.44,4664.0,5.11,6.75,574.04,64.84,3722.17,4248.0,10940.0,38.82998172,81.44,6.75,5.11,4664,38.82998172,1.91936315486039,1.876530793817851,0.2139441762554981,0.505362347057892,0.2368251676942498,64.85564,3722.17,64.84,1,both
kota,Kota Blitar,2025,69.56284,82.03,4709.0,4.28,6.6,837.0,72.5,6068.0,558.0,10880.0,5.128676471,82.03,6.6,4.28,4709,5.128676471,1.842435547403237,0.0759050055346567,-1.11802074601797,0.0979244445496263,0.3455062338477703,69.56284,6068.0,72.5,3,both
kota,Kota Kediri,2021,68.6,79.15,4542.0,6.37,7.75,1735.3,54.95,9534.86,801.0,20920.0,3.828871893,79.15,7.75,6.37,4542,3.828871893,1.820808439973024,-0.5927438544375677,0.0688030694766108,0.3786264854442268,0.0404750625959318,68.6,9534.86,54.95,3,both
kota,Kota Kediri,2022,73.95,80.12,4305.0,4.38,7.23,1864.13,54.7,10197.5,532.0,21110.0,2.520132639,80.12,7.23,4.38,4305,2.520132639,1.474985944557528,-0.1770637301744983,-0.9833962160975358,0.0783418872691046,0.1733421283342268,73.95,10197.5,54.7,3,both
kota,Kota Kediri,2023,76.42,80.97,4391.0,4.06,7.15,1519.69,54.43,8271.57,933.0,21330.0,4.374120956,80.97,7.15,4.06,4391,4.374120956,1.527693319088269,0.0317882257683543,-1.146026596064078,0.0798827656498756,0.2859536335471196,76.42,8271.57,54.43,3,both
kota,Kota Kediri,2024,64.7134,81.88,4436.0,3.91,6.51,1328.15,63.19,8392.91,6483.0,21410.0,30.28024288,81.88,6.51,3.91,4436,30.28024288,1.670358378212557,1.657429596948934,-0.6036526309442812,0.2327284705525106,0.3250723510541769,64.7134,8392.91,63.19,1,both
kota,Kota Kediri,2025,70.41285,82.71,4480.0,3.76,6.04,628.0,59.02,3709.0,881.0,21090.0,4.17733523,82.71,6.04,3.76,4480,4.17733523,1.815408337679088,0.173129138499272,-1.413201978940921,-0.1127168776771508,0.4324989497884847,70.41285,3709.0,59.02,3,both
kota,Kota Madiun,2021,82.86,82.27,5805.0,8.15,5.09,2229.49,60.58,13505.81,527.0,12950.0,4.069498069,82.27,5.09,8.15,5805,4.069498069,3.214930976017051,-0.7995958559404588,0.5997031431024106,0.4173758802057431,0.0524773577648143,82.86,13505.81,60.58,3,both
kota,Kota Madiun,2022,85.32,83.02,5514.0,6.39,4.76,2194.58,52.19,11453.92,432.0,13190.0,3.275208491,83.02,4.76,6.39,5514,3.275208491,2.861991548205406,-0.4181793498016482,-0.3026234913087527,0.1518116786138015,0.1801398902082188,85.32,11453.92,52.19,3,both
kota,Kota Madiun,2023,92.49,83.71,5536.0,5.85,4.74,2204.48,55.2,12169.62,657.0,13390.0,4.906646751,83.71,4.74,5.85,5536,4.906646751,2.822333169619669,-0.1793737190249403,-0.5642362724467298,0.1300296047663029,0.2830085594935233,92.49,12169.62,55.2,3,both
kota,Kota Madiun,2024,76.6727,84.51,5585.0,4.3,4.38,2190.08,57.58,12610.42,4539.0,13460.0,33.72213967,84.51,4.38,4.3,5585,33.72213967,2.587525435743634,1.924868654287714,-0.6375911048096876,0.2780216693132025,0.3232235948270546,76.6727,12610.42,57.58,1,both
kota,Kota Madiun,2025,77.64725,85.12,5634.0,4.29,3.89,2084.0,57.06,11889.0,609.0,13280.0,4.585843373,85.12,3.89,4.29,5634,4.585843373,2.745108092601983,0.222832962989276,-1.447767278576277,-0.0880985088516519,0.3956909568215127,77.64725,11889.0,57.06,3,both
kota,Kota Malang,2021,84.38,82.77,5816.0,9.65,4.62,1791.43,63.14,11311.4,2965.0,59910.0,4.949090302,82.77,4.62,9.65,5816,4.949090302,3.685746203043354,-1.057943806759897,1.341502938088162,0.4351785952083163,0.0879732311582711,84.38,11311.4,63.14,3,both
kota,Kota Malang,2022,80.8,83.38,7617.0,7.66,4.37,1718.11,62.69,10771.15,914.0,59440.0,1.537685061,83.38,4.37,7.66,7617,1.537685061,3.731607750468702,-0.7736664589999427,-0.0277532200548187,0.8057598940209351,-0.153669984946219,80.8,10771.15,62.69,3,both
kota,Kota Malang,2023,85.27,84.0,7790.0,6.8,4.26,1632.88,63.19,10318.57,2982.0,59120.0,5.043978349,84.0,4.26,6.8,7790,5.043978349,3.652360830371141,-0.3481629294500772,-0.4206786205567882,0.8190768093372027,-0.1022002950993204,85.27,10318.57,63.19,3,both
kota,Kota Malang,2024,63.07433,84.68,7857.0,6.1,3.91,1610.91,65.16,10496.65,19481.0,58990.0,33.0242414,84.68,3.91,6.1,7857,33.0242414,3.607233284048597,1.50997878479059,-0.086762131705895,1.017048367882592,-0.0779795743030999,63.07433,10496.65,65.16,3,both
kota,Kota Malang,2025,66.73421,85.55,7921.0,5.69,3.85,1301.0,63.35,8243.0,2944.0,59000.0,4.989830508,85.55,3.85,5.69,7921,4.989830508,3.652291347854253,-0.0436482058864475,-1.072973217918869,0.7070207029975966,0.0792523021736697,66.73421,8243.0,63.35,3,both
kota,Kota Mojokerto,2021,79.41,79.34,6594.0,6.87,6.39,754.27,58.53,4414.93,507.0,10130.0,5.004935834,79.34,6.39,6.87,6594,5.004935834,2.591780518209773,-0.5706463289928344,0.0276760860236633,0.851724852228122,-0.4287376019447603,79.41,4414.93,58.53,3,both
kota,Kota Mojokerto,2022,81.43,80.19,6645.0,5.05,5.98,833.03,60.42,5032.96,665.0,10010.0,6.643356643,80.19,5.98,5.05,6645,6.643356643,2.32260593601586,-0.0229430183543113,-0.8947802692223488,0.7012598473709906,-0.3551191595386599,81.43,5032.96,60.42,3,both
kota,Kota Mojokerto,2023,89.83,80.9,6732.0,4.73,5.77,620.48,53.07,3292.78,287.0,9870.0,2.907801418,80.9,5.77,4.73,6732,2.907801418,2.378135932641847,-0.146592973073184,-1.200286567163356,0.6283870268730748,-0.2735813185791255,89.83,3292.78,53.07,3,both
kota,Kota Mojokerto,2024,64.65862,81.76,6796.0,3.76,5.57,571.1,60.4,3449.63,2171.0,9670.0,22.45087901,81.76,5.57,3.76,6796,22.45087901,2.277134380508796,1.269087944923997,-1.226462954271984,0.7451621621123451,-0.1938064942473162,64.65862,3449.63,60.4,3,both
kota,Kota Mojokerto,2025,68.75083,82.35,6855.0,4.66,5.05,524.0,58.93,3086.0,286.0,9310.0,3.071965628,82.35,5.05,4.66,6855,3.071965628,2.646683720037383,-0.056933116469057,-1.326555410723746,0.5292431603040778,-0.1363004382185089,68.75083,3086.0,58.93,3,both
kota,Kota Pasuruan,2021,70.07,76.83,5937.0,6.23,6.88,1553.82,53.45,8304.59,1780.0,17870.0,9.960828204,76.83,6.88,6.23,5937,9.960828204,1.933574380509947,-0.2169918397305296,0.0472923823948566,0.7731604454903945,-0.6855501840729443,70.07,8304.59,53.45,3,both
kota,Kota Pasuruan,2022,71.21,77.71,5424.0,6.18,6.37,1393.98,52.32,7293.69,1854.0,17950.0,10.32869081,77.71,6.37,6.18,5424,10.32869081,1.969253808425921,-0.1460387940881221,0.0540970688097663,0.5180725325363528,-0.5104706014323926,71.21,7293.69,52.32,3,both
kota,Kota Pasuruan,2023,81.45,78.3,5549.0,5.64,6.6,1374.7,58.34,8020.03,1665.0,17980.0,9.26028921,78.3,6.6,5.64,5549,9.26028921,1.9130266862866,-0.0789564790862472,-0.2827462369778868,0.5423327925036051,-0.4105372706801241,81.45,8020.03,58.34,3,both
kota,Kota Pasuruan,2024,70.82885,78.9,5626.0,4.63,6.32,1574.89,55.02,8665.29,14223.0,17840.0,79.72533632,78.9,6.32,4.63,5626,79.72533632,1.752801578063628,4.378916419789999,1.00956915500197,1.167312626042316,-0.4460856665264682,70.82885,8665.29,55.02,1,both
kota,Kota Pasuruan,2025,71.46241,79.52,5701.0,4.59,6.18,1355.0,55.12,7468.0,1872.0,17320.0,10.80831409,79.52,6.18,4.59,5701,10.80831409,1.893242129377222,0.2993141458404043,-0.8518648272555422,0.4601802675761789,-0.2898115366993897,71.46241,7468.0,55.12,3,both
kota,Kota Probolinggo,2021,72.53,75.2,4256.0,6.55,7.44,1530.83,58.3,8924.08,1109.0,20210.0,5.487382484,75.2,7.44,6.55,4256,5.487382484,1.369056042403421,-0.629388460354618,0.4074549989147095,0.3285066474978099,-0.5979529980636717,72.53,8924.08,58.3,3,both
kota,Kota Probolinggo,2022,73.83,76.08,4448.0,4.57,6.65,1323.99,61.21,8103.92,585.0,20280.0,2.884615385,76.08,6.65,4.57,4448,2.884615385,1.146099694628914,-0.2833839074528055,-0.7350330809023135,0.1103515481493518,-0.5816661133370747,73.83,8103.92,61.21,3,both
kota,Kota Probolinggo,2023,80.01,76.93,4517.0,4.53,6.48,1309.44,57.29,7502.06,612.0,20240.0,3.023715415,76.93,6.48,4.53,4517,3.023715415,1.2727984938132,-0.2373203189693956,-0.8016369939025881,0.0912952690087146,-0.4725749092205475,80.01,7502.06,57.29,3,both
kota,Kota Probolinggo,2024,69.50032,77.79,4564.0,4.44,6.18,1391.07,61.06,8494.14,10523.0,19910.0,52.85283777,77.79,6.18,4.44,4564,52.85283777,1.368482268693858,2.788343258399073,0.4051042935975065,0.5442815516490801,-0.4324500012010531,69.50032,8494.14,61.06,1,both
kota,Kota Probolinggo,2025,68.57392,78.5,4610.0,4.93,5.69,1597.0,63.2,10092.0,1517.0,18880.0,8.034957627,78.5,5.69,4.93,4610,8.034957627,1.664799965679094,0.040169382466179,-0.5681230018202433,0.0460795245837162,-0.3213717380668661,68.57392,10092.0,63.2,3,both
kota,Kota Surabaya,2021,85.25,82.94,8217.0,9.68,5.23,1736.08,56.64,9832.67,6199.0,202300.0,3.064260999,82.94,5.23,9.68,8217,3.064260999,4.18883494599821,-1.178817966839066,0.9788360616461742,1.269785484237444,-0.2231915234987394,85.25,9832.67,56.64,3,both
kota,Kota Surabaya,2022,81.59,83.32,8595.0,7.62,4.72,1447.98,56.06,8117.31,241.0,196650.0,0.1225527587,83.32,4.72,7.62,8595,0.1225527587,3.897229370596083,-0.8565998497826406,-0.2108022237242981,1.154095151030184,-0.2899241230217804,81.59,8117.31,56.06,3,both
kota,Kota Surabaya,2023,92.14,83.99,8667.0,6.76,4.65,1506.01,53.58,8068.88,2920.0,191720.0,1.523054454,83.99,4.65,6.76,8667,1.523054454,3.797332442725049,-0.5574105670174094,-0.6460356418117047,1.119691430967405,-0.2059813486949999,92.14,8068.88,53.58,3,both
kota,Kota Surabaya,2024,70.79896,84.69,8698.0,4.91,3.96,1321.75,55.54,7340.42,15908.0,187400.0,8.488794023,84.69,3.96,4.91,8698,8.488794023,3.529124170905951,0.3205381794806916,-1.44094419470124,0.9734443047964204,-0.191501533076049,70.79896,7340.42,55.54,3,both
kota,Kota Surabaya,2025,73.28097,85.65,8727.0,4.84,3.56,1054.0,57.64,6075.0,3992.0,183290.0,2.177969338,85.65,3.56,4.84,8727,2.177969338,3.684180826294006,-0.0006105031556877,-1.695243505427283,0.8369804933072539,-0.0755404345300206,73.28097,6075.0,57.64,3,both
kabupaten,Lamongan,2021,85.8,73.97,761.0,4.9,13.86,138450.43,57.25,792662.09,4861.0,91230.0,5.328291132,73.97,13.86,4.9,761,5.328291132,-0.7323662896297817,-0.5428862922239194,0.251850404536678,0.153088448541611,0.5029929235619237,85.8,792662.09,57.25,2,both
kabupaten,Lamongan,2022,85.86,74.83,783.0,6.05,12.53,150903.4,59.9,903882.29,701.0,91940.0,0.7624537742,74.83,12.53,6.05,783,0.7624537742,-0.1926162963339331,-1.007039992701078,0.6404346207583169,-0.0415503807730649,0.5045931200869284,85.86,903882.29,59.9,2,both
kabupaten,Lamongan,2023,87.28,75.29,781.0,5.46,12.42,139704.81,57.17,798704.85,3855.0,92510.0,4.167117068,75.29,12.42,5.46,781,4.167117068,-0.2669290744006941,-0.654179408355618,0.4115292379448302,-0.0664154515445552,0.5611623771602392,87.28,798704.85,57.17,2,both
kabupaten,Lamongan,2024,75.18713,75.9,786.0,4.34,12.16,130670.42,59.41,776290.66,24864.0,92860.0,26.77579151,75.9,12.16,4.34,786,26.77579151,-0.4409060563285611,0.9735362121046032,0.4080710995200439,0.0485028356497733,0.5985497323500054,75.18713,776290.66,59.41,1,both
kabupaten,Lamongan,2025,77.05774,76.81,791.0,4.29,12.03,152564.0,57.68,879994.0,3564.0,92940.0,3.834732085,76.81,12.03,4.29,791,3.834732085,-0.3145170051408472,-0.3548932984183705,-0.2595580363247746,-0.2194016219477638,0.760543664177579,77.05774,879994.0,57.68,2,both
kabupaten,Lumajang,2021,78.7,67.65,629.0,3.51,10.05,56671.26,52.07,295075.52,5892.0,78330.0,7.522022214,67.65,10.05,3.51,629,7.522022214,-1.378641781554302,-0.130414143737837,-0.1751997029355302,-0.4461230644965562,-0.95275283119211,78.7,295075.52,52.07,2,both
kabupaten,Lumajang,2022,79.34,68.48,633.0,4.97,9.06,55042.5,54.65,300829.01,715.0,78950.0,0.9056364788,68.48,9.06,4.97,633,0.9056364788,-0.8129559023317052,-0.7999859253570738,0.326243022748437,-0.5953931846827001,-0.9108909192327406,79.34,300829.01,54.65,2,both
kabupaten,Lumajang,2023,79.42,69.37,634.0,3.67,8.93,55128.79,55.99,308646.08,3986.0,79340.0,5.023947567,69.37,8.93,3.67,634,5.023947567,-1.001378710048754,-0.2314256860424719,-0.2595387696039647,-0.6631227811773821,-0.7909552566613688,79.42,308646.08,55.99,2,both
kabupaten,Lumajang,2024,73.41989,70.31,638.0,3.28,8.65,47553.88,54.07,257120.65,29436.0,79430.0,37.0590457,70.31,8.65,3.28,638,37.0590457,-0.968118149039172,1.802187166612064,0.334705054731776,-0.4191635064667337,-0.7084051001287057,73.41989,257120.65,54.07,1,both
kabupaten,Lumajang,2025,73.24529,71.02,641.0,3.08,8.6,50052.0,55.92,279902.0,3875.0,79230.0,4.890824183,71.02,8.6,3.08,641,4.890824183,-0.90493727967383,-0.0505805062018245,-0.6385871277436477,-0.7740242715028094,-0.5599120051797515,73.24529,279902.0,55.92,2,both
kabupaten,Madiun,2021,84.85,73.07,723.0,4.99,11.91,75713.29,60.99,461798.12,2425.0,47320.0,5.124683009,73.07,11.91,4.99,723,5.124683009,-0.59176445886553,-0.5312679726064298,0.2947453660601943,-0.1476600615093714,0.144116918831378,84.85,461798.12,60.99,2,both
kabupaten,Madiun,2022,83.93,73.51,6668.0,5.84,10.79,73061.53,54.96,401573.69,1084.0,48240.0,2.247097844,73.51,10.79,5.84,6668,2.247097844,1.153411325461634,-0.8075732070959714,-0.2241569806165649,1.568937379648041,-0.9145668333919452,83.93,401573.69,54.96,3,both
kabupaten,Madiun,2023,85.32,74.02,678.0,5.14,11.04,74784.95,58.51,437593.08,3712.0,49110.0,7.558542048,74.02,11.04,5.14,678,7.558542048,-0.3519887732820078,-0.3651229128324594,0.3800352227551301,-0.2799188230907167,0.209347180190242,85.32,437593.08,58.51,2,both
kabupaten,Madiun,2024,73.9943,74.81,681.0,4.34,10.63,73419.94,59.58,437458.25,21853.0,49740.0,43.93445919,74.81,10.63,4.34,681,43.93445919,-0.4203835458202997,2.021021248555217,0.8860617570131801,-0.0342129207827967,0.2453135636773505,73.9943,437458.25,59.58,1,both
kabupaten,Madiun,2025,75.24203,75.47,683.0,3.22,10.4,82826.0,57.98,480264.0,2876.0,49690.0,5.787884886,75.47,10.4,3.22,683,5.787884886,-0.5548814777231615,0.0254440025501193,-0.7062303612725603,-0.5306536908843263,0.3676594866297039,75.24203,480264.0,57.98,2,both
kabupaten,Magetan,2021,87.09,75.08,979.0,3.86,10.66,48487.59,63.37,307279.68,1966.0,44490.0,4.418970555,75.08,10.66,3.86,979,4.418970555,-0.4126998850912199,-0.2188874247511724,-0.4398176925954948,-0.3669394863604329,0.287048600553291,87.09,307279.68,63.37,2,both
kabupaten,Magetan,2022,86.36,75.76,960.0,4.33,9.84,43965.49,60.66,266699.89,1118.0,44890.0,2.490532413,75.76,9.84,4.33,960,2.490532413,-0.1266199139814823,-0.3942086115121991,-0.2988967966528943,-0.5044706448849136,0.3159004556828635,86.36,266699.89,60.66,2,both
kabupaten,Magetan,2023,86.83,76.3,965.0,4.16,9.8,44424.0,63.16,280592.09,2731.0,45210.0,6.04069896,76.3,9.8,4.16,965,6.04069896,-0.0993921711970101,-0.1282834096838108,-0.3163918887973188,-0.4915624234246847,0.3944615674354434,86.83,280592.09,63.16,2,both
kabupaten,Magetan,2024,75.2782,76.77,970.0,3.28,9.32,43404.62,62.72,272246.05,21140.0,45240.0,46.7285588,76.77,9.32,3.28,970,46.7285588,-0.2181572911360361,2.527240050859676,0.2743678748565114,-0.2122469149917684,0.3638641008512631,75.2782,272246.05,62.72,1,both
kabupaten,Magetan,2025,78.30465,77.58,976.0,3.26,9.14,50411.0,61.14,308221.0,2826.0,44520.0,6.347708895,77.58,9.14,3.26,976,6.347708895,-0.0793720715458509,0.1509909644175719,-0.8308213324090991,-0.6607238383262544,0.5246889569177953,78.30465,308221.0,61.14,2,both
kabupaten,Malang,2021,79.85,71.48,756.0,5.4,10.5,45344.49,60.28,273358.61,7369.0,178370.0,4.131300107,71.48,10.5,5.4,756,4.131300107,-0.5050376633958917,-0.6758916468652526,0.5090355286434789,-0.3198910771956374,-0.277703343077921,79.85,273358.61,60.28,2,both
kabupaten,Malang,2022,79.26,72.23,773.0,6.57,9.55,45901.91,59.17,271606.78,430.0,180860.0,0.2377529581,72.23,9.55,6.57,773,0.2377529581,-0.02066355695665,-1.120670776410667,0.9387554257751846,-0.4468114935247817,-0.2516814238227099,79.26,271606.78,59.17,2,both
kabupaten,Malang,2023,79.97,73.0,782.0,5.7,9.45,43918.59,63.61,279365.91,6312.0,184420.0,3.422622275,73.0,9.45,5.7,782,3.422622275,-0.1230370739225511,-0.7095147381087132,0.5489157584121926,-0.4899334865716332,-0.1460341822426159,79.97,279365.91,63.61,2,both
kabupaten,Malang,2024,70.69207,73.53,788.0,5.13,8.98,41019.97,62.11,254793.72,60557.0,190210.0,31.83691709,73.53,8.98,5.13,788,31.83691709,-0.1549783433691397,1.144874889179371,0.9718204143271308,-0.3157992111097658,-0.1493360289271019,70.69207,254793.72,62.11,1,both
kabupaten,Malang,2025,69.76243,74.45,793.0,5.0,8.78,38178.0,64.53,246370.0,8462.0,200470.0,4.221080461,74.45,8.78,5.0,793,4.221080461,-0.0349606429629779,-0.4415047290881608,0.1399962079356293,-0.6467520513450095,0.011652966853708,69.76243,246370.0,64.53,2,both
kabupaten,Mojokerto,2021,84.46,74.9,1568.0,5.54,10.62,51258.22,57.95,297042.32,3332.0,87140.0,3.823731926,74.9,10.62,5.54,1568,3.823731926,0.1017505012974997,-0.6352572577112077,0.3119883246693289,-0.0928355654579781,0.162494520818465,84.46,297042.32,57.95,2,both
kabupaten,Mojokerto,2022,84.06,75.61,1151.0,4.83,9.71,49395.45,57.06,281829.41,329.0,86910.0,0.3785525256,75.61,9.71,4.83,1151,0.3785525256,0.0340921923347738,-0.6318353488807932,-0.1262008556341959,-0.4545163822991245,0.2493828406688345,84.06,281829.41,57.06,2,both
kabupaten,Mojokerto,2023,86.7,76.23,1163.0,4.67,9.8,53462.15,56.66,302890.75,1727.0,86310.0,2.000926891,76.23,9.8,4.67,1163,2.000926891,0.0603027679407784,-0.4855485079020201,-0.1907586396350622,-0.439161528532868,0.3568236883403167,86.7,302890.75,56.66,2,both
kabupaten,Mojokerto,2024,83.0181,76.69,1172.0,3.87,9.37,47296.06,60.41,285714.44,15512.0,84560.0,18.34437086,76.69,9.37,3.87,1172,18.34437086,-0.03068835261985,0.6978975037590707,-0.1951406054621197,-0.3921038157091937,0.3591124704279591,83.0181,285714.44,60.41,2,both
kabupaten,Mojokerto,2025,82.13511,77.46,1181.0,3.49,8.79,51751.0,60.37,312409.0,2189.0,79920.0,2.738988989,77.46,8.79,3.49,1181,2.738988989,0.0517387325951722,-0.1060748451571979,-0.8405288356549369,-0.6721237275226092,0.4364621299836533,82.13511,312409.0,60.37,2,both
kabupaten,Nganjuk,2021,82.17,73.03,906.0,4.98,11.85,72439.86,59.26,429311.01,4124.0,75940.0,5.430603108,73.03,11.85,4.98,906,5.430603108,-0.5500582151569049,-0.5085526202416929,0.272737946158144,-0.0960959644306134,0.0991708314362745,82.17,429311.01,59.26,2,both
kabupaten,Nganjuk,2022,81.82,73.95,867.0,4.74,10.7,70331.77,53.53,376476.43,863.0,76380.0,1.129876931,73.95,10.7,4.74,867,1.129876931,-0.3666006686975676,-0.6465390991068722,-0.0189699771050867,-0.3606364418663688,0.1330711732258015,81.82,376476.43,53.53,2,both
kabupaten,Nganjuk,2023,83.68,74.7,872.0,4.68,10.89,72039.49,58.04,418096.11,4379.0,76920.0,5.692927717,74.7,10.89,4.68,872,5.692927717,-0.3169357842434442,-0.3476805388986168,0.0408966326322542,-0.2983004759566272,0.2713474357508178,83.68,418096.11,58.04,2,both
kabupaten,Nganjuk,2024,71.41504,75.24,878.0,3.87,10.17,69685.57,58.11,404975.09,31806.0,77480.0,41.0505937,75.24,10.17,3.87,878,41.0505937,-0.3786194391179046,1.984276867953747,0.5191853234683348,-0.1072565530527923,0.2321253491020211,71.41504,404975.09,58.11,1,both
kabupaten,Nganjuk,2025,73.65652,75.89,883.0,3.84,10.06,76989.0,56.53,435224.0,4835.0,77750.0,6.218649518,75.89,10.06,3.84,883,6.218649518,-0.2731131433521481,-0.0654081955966008,-0.4374239564189036,-0.4870381982990158,0.3678276510647524,73.65652,435224.0,56.53,2,both
kabupaten,Ngawi,2021,83.86,71.97,674.0,4.25,15.57,128737.95,61.09,786475.65,3691.0,56510.0,6.53158733,71.97,15.57,4.25,674,6.53158733,-1.346784377210121,-0.4363596112550522,0.092778651420799,0.399608864863934,0.3736525401915825,83.86,786475.65,61.09,2,both
kabupaten,Ngawi,2022,85.01,72.62,629.0,2.48,14.15,128585.79,58.79,755938.95,1320.0,57010.0,2.315383266,72.62,14.15,2.48,629,2.315383266,-1.52483486678677,-0.2197895189502894,-0.9569691740163346,0.0071549965395609,0.3252363270003677,85.01,755938.95,58.79,2,both
kabupaten,Ngawi,2023,84.98,73.28,631.0,2.41,14.4,124922.92,61.74,771251.37,4864.0,57430.0,8.469441059,73.28,14.4,2.41,631,8.469441059,-1.496996973070884,0.1717522072270336,-0.8549334144222814,0.0948706282685471,0.4539093518777367,84.98,771251.37,61.74,2,both
kabupaten,Ngawi,2024,70.09828,73.91,633.0,2.4,13.81,123075.68,62.21,765703.53,35233.0,57390.0,61.39222861,73.91,13.81,2.4,633,61.39222861,-1.38694835162147,3.367569342004985,0.4828812313422446,0.5276469257993682,0.428141541407077,70.09828,765703.53,62.21,1,both
kabupaten,Ngawi,2025,76.56714,74.43,636.0,2.26,13.62,129013.0,59.88,772571.0,4601.0,56120.0,8.198503207,74.43,13.62,2.26,636,8.198503207,-1.302093161502204,0.2470877887728435,-1.004488661388691,-0.0553353664938213,0.5552113325535659,76.56714,772571.0,59.88,2,both
kabupaten,Pacitan,2021,79.49,69.45,424.0,2.04,15.11,18894.01,46.64,88116.57,1449.0,35580.0,4.072512648,69.45,15.11,2.04,424,4.072512648,-2.164817087281047,-0.1331810514178218,-0.9448652252154712,0.1347592424581148,-0.0601822255517382,79.49,88116.57,46.64,2,both
kabupaten,Pacitan,2022,77.73,70.19,414.0,3.65,13.8,17831.47,50.71,90428.21,1498.0,35940.0,4.168057874,70.19,13.8,3.65,414,4.168057874,-1.543363415428784,-0.427766731331274,-0.1937363643164608,0.0088291344233396,-0.0737014075343264,77.73,90428.21,50.71,2,both
kabupaten,Pacitan,2023,80.78,70.94,410.0,1.83,13.65,17923.4,51.88,92992.64,2080.0,36130.0,5.756988652,70.94,13.65,1.83,410,5.756988652,-1.868019640428676,0.1049367326747374,-1.099971222827364,-0.1171633138429838,0.021881649498377,80.78,92992.64,51.88,2,both
kabupaten,Pacitan,2024,70.73632,71.49,411.0,1.56,13.08,14602.85,47.7,69650.98,16715.0,35800.0,46.68994413,71.49,13.08,1.56,411,46.68994413,-1.823834974706916,2.641860749069483,-0.2017998275143115,0.1833698557270135,-0.0017598491891756,70.73632,69650.98,47.7,1,both
kabupaten,Pacitan,2025,72.07318,72.26,411.0,1.4,12.97,26774.0,49.49,132516.0,2476.0,34240.0,7.231308411,72.26,12.97,1.4,411,7.231308411,-1.733103365790548,0.348854262892336,-1.349022210309436,-0.2541890932163318,0.1594129506948236,72.07318,132516.0,49.49,2,both
kabupaten,Pamekasan,2021,76.18,68.78,1077.0,3.1,15.3,18925.74,51.11,96723.97,3641.0,70790.0,5.143381834,68.78,15.3,3.1,1077,5.143381834,-1.868235628090469,-0.3299682066582535,-0.4430790173992411,0.4537260182109851,-0.2562938146115547,76.18,96723.97,51.11,2,both
kabupaten,Pamekasan,2022,74.41,69.35,1079.0,1.4,13.93,20497.42,52.52,107648.71,454.0,71840.0,0.6319599109,69.35,13.93,1.4,1079,0.6319599109,-2.034289417509223,-0.1504400578326407,-1.467442573500148,0.0862962231935472,-0.3196023822007738,74.41,107648.71,52.52,2,both
kabupaten,Pamekasan,2023,79.44,70.32,1101.0,1.74,13.85,19884.36,54.56,108483.14,1583.0,72470.0,2.184352146,70.32,13.85,1.74,1101,2.184352146,-1.826284214600311,-0.106610234141683,-1.303364696776808,0.1009587208871984,-0.1722174009844906,79.44,108483.14,54.56,2,both
kabupaten,Pamekasan,2024,63.96125,70.85,1113.0,1.64,13.41,19637.62,51.69,101501.42,8103.0,72650.0,11.15347557,70.85,13.41,1.64,1113,11.15347557,-1.737534310357554,0.4803669750276299,-1.153171069149675,0.1123290696858677,-0.1472486335585801,63.96125,101501.42,51.69,2,both
kabupaten,Pamekasan,2025,63.52957,71.64,1123.0,1.33,12.77,24130.0,54.44,131369.0,896.0,72350.0,1.238424326,71.64,12.77,1.33,1123,1.238424326,-1.632373101933054,0.0025147905099876,-1.617039596715836,-0.1155032081992978,-0.0798977832028304,63.52957,131369.0,54.44,2,both
kabupaten,Pasuruan,2021,77.01,70.54,1093.0,6.03,9.7,50305.51,52.67,264950.78,10161.0,118670.0,8.562399933,70.54,9.7,6.03,1093,8.562399933,-0.2970842508178118,-0.5492183104840798,0.9177537103638344,-0.2428739801270112,-0.5813593905554089,77.01,264950.78,52.67,2,both
kabupaten,Pasuruan,2022,77.4,71.29,1084.0,5.91,8.96,47384.82,52.18,247255.72,875.0,117210.0,0.7465233342,71.29,8.96,5.91,1084,0.7465233342,-0.1454924233782869,-0.9426713654265708,0.6062668761955726,-0.4595323438084026,-0.529979611011686,77.4,247255.72,52.18,2,both
kabupaten,Pasuruan,2023,79.87,71.91,1101.0,5.48,9.24,48999.14,53.07,260061.94,6347.0,115870.0,5.477690515,71.91,9.24,5.48,1101,5.477690515,-0.2065182396211025,-0.5562969761539748,0.4909129593019998,-0.3970083552660498,-0.4074256228053729,79.87,260061.94,53.07,2,both
kabupaten,Pasuruan,2024,71.93884,72.36,1110.0,5.02,8.63,51087.0,54.29,277354.51,68239.0,115260.0,59.20440743,72.36,8.63,5.02,1110,59.20440743,-0.2202498767170932,2.785606886017418,1.63055096990329,0.0196874151528089,-0.4697979258930337,71.93884,277354.51,54.29,1,both
kabupaten,Pasuruan,2025,70.84142,73.02,1118.0,4.22,8.21,50784.0,54.01,274285.0,8467.0,116680.0,7.256599246,73.02,8.21,4.22,1118,7.256599246,-0.2465480693231847,-0.0990496495120259,-0.1668311023026229,-0.6256646306198922,-0.351341454347183,70.84142,274285.0,54.01,2,both
kabupaten,Ponorogo,2021,85.26,71.81,732.0,4.38,10.26,68741.09,58.87,404665.04,49.0,59380.0,0.08251936679,71.81,10.26,4.38,732,0.08251936679,-0.6808061530791789,-0.6689971047296616,-0.124282133518546,-0.4703787902051037,-0.2468046077437433,85.26,404665.04,58.87,2,both
kabupaten,Ponorogo,2022,86.2,72.59,680.0,5.51,9.32,62964.37,57.08,359413.77,1149.0,60660.0,1.894164194,72.59,9.32,5.51,680,1.894164194,-0.2228339152562656,-0.7644292027432155,0.4429811561317789,-0.5626379526948304,-0.2100076547050812,86.2,359413.77,57.08,2,both
kabupaten,Ponorogo,2023,87.91,73.18,676.0,4.66,9.53,66594.55,59.01,392994.08,3446.0,61800.0,5.57605178,73.18,9.53,4.66,676,5.57605178,-0.3821452970233978,-0.3437976163532215,0.0923707587638311,-0.5522319316373188,-0.0977240290298942,87.91,392994.08,59.01,2,both
kabupaten,Ponorogo,2024,69.50479,73.7,679.0,4.19,9.11,63395.6,59.82,379244.91,25770.0,62360.0,41.32456703,73.7,9.11,4.19,679,41.32456703,-0.4029441225216388,1.92329581785235,0.7589902291266346,-0.2910842758397284,-0.1048180409249298,69.50479,379244.91,59.82,1,both
kabupaten,Ponorogo,2025,71.21762,74.65,681.0,3.85,8.86,74200.0,58.8,436300.0,3293.0,61440.0,5.359700521,74.65,8.86,3.85,681,5.359700521,-0.3183823206639075,-0.1108616855807034,-0.3982555592911415,-0.7278997342743231,0.0648877383403641,71.21762,436300.0,58.8,2,both
kabupaten,Probolinggo,2021,69.8,68.94,681.0,4.55,18.91,37043.19,51.34,190180.14,9172.0,88210.0,10.39791407,68.94,18.91,4.55,681,10.39791407,-2.034235594261318,-0.469943453960667,0.545907267482511,1.029698137526156,0.2423866257247256,69.8,190180.14,51.34,2,both
kabupaten,Probolinggo,2022,73.0,69.56,673.0,3.25,17.12,33503.12,55.34,185412.51,1307.0,88170.0,1.482363616,69.56,17.12,3.25,673,1.482363616,-2.049266082731704,-0.627952132174661,-0.4026892396311308,0.5710912765987772,0.1496784106761214,73.0,185412.51,55.34,2,both
kabupaten,Probolinggo,2023,73.27,70.36,682.0,3.24,17.19,35121.69,57.24,201044.34,8044.0,87900.0,9.151308305,70.36,17.19,3.24,682,9.151308305,-1.968557171933859,-0.1496736225916153,-0.2418641550268296,0.6493875515774412,0.2786838712904103,73.27,201044.34,57.24,2,both
kabupaten,Probolinggo,2024,63.64236,70.85,687.0,3.0,16.45,33177.95,53.53,177607.38,55385.0,87340.0,63.41309824,70.85,16.45,3.0,687,63.41309824,-1.911370082658713,3.179778237762226,1.018118994206063,1.061965486115946,0.2096740659026031,63.64236,177607.38,53.53,1,both
kabupaten,Probolinggo,2025,68.15715,71.65,692.0,2.92,16.31,36946.0,53.08,196116.0,7889.0,86370.0,9.13395855,71.65,16.31,2.92,692,9.13395855,-1.784268398428371,-0.0134355364772351,-0.4789332788788954,0.475590444723014,0.3898132477389127,68.15715,196116.0,53.08,2,both
kabupaten,Sampang,2021,72.16,64.86,792.0,3.45,23.76,38151.91,51.27,195600.69,3673.0,83650.0,4.390914525,64.86,23.76,3.45,792,4.390914525,-3.326572872356314,-0.8542884066763526,0.1023262429163706,1.764959050252981,0.0926773717175202,72.16,195600.69,51.27,2,both
kabupaten,Sampang,2022,73.25,65.44,801.0,3.11,21.61,34880.84,49.45,172494.38,304.0,86470.0,0.3515670175,65.44,21.61,3.11,801,0.3515670175,-3.075981700039062,-0.9277139601443416,-0.245778568418404,1.360843444248059,-0.0501832357507404,73.25,172494.38,49.45,2,both
kabupaten,Sampang,2023,77.08,66.19,818.0,2.72,21.76,34795.54,48.05,167191.35,2021.0,88970.0,2.271552209,66.19,21.76,2.72,818,2.271552209,-3.09492669660124,-0.7101295639529717,-0.4229544256997796,1.374833327668115,0.0829035367948645,77.08,167191.35,48.05,2,both
kabupaten,Sampang,2024,63.85495,66.72,827.0,2.5,20.83,33068.93,44.13,145931.75,14646.0,91620.0,15.98559267,66.72,20.83,2.5,827,15.98559267,-2.979334926409046,0.2041582522364753,-0.2189005752707214,1.349393864750721,0.0473366202770476,63.85495,145931.75,44.13,2,both
kabupaten,Sampang,2025,63.38491,67.23,837.0,2.44,20.61,42337.0,44.86,189903.0,1620.0,95380.0,1.698469281,67.23,20.61,2.44,837,1.698469281,-2.895856552977852,-0.6131981536123281,-0.6505920845487345,1.162123063438719,0.1220100080429547,63.38491,189903.0,44.86,2,both
kabupaten,Sidoarjo,2021,83.57,81.01,3298.0,10.87,5.93,32586.19,62.14,202501.4,6732.0,146080.0,4.608433735,81.01,5.93,10.87,3298,4.608433735,3.034519486575343,-1.462981794717137,2.39889618891614,-0.0603333426245385,0.380738230147277,83.57,202501.4,62.14,3,both
kabupaten,Sidoarjo,2022,82.87,81.37,2905.0,8.8,5.36,31368.74,62.02,194540.45,424.0,145530.0,0.2913488628,81.37,5.36,8.8,2905,0.2913488628,2.570286449175675,-1.223827818302947,1.275149303460833,-0.443298589695455,0.4371700178175057,82.87,194540.45,62.02,3,both
kabupaten,Sidoarjo,2023,83.51,81.88,2968.0,8.05,5.0,31030.46,63.12,195855.35,4482.0,145430.0,3.08189507,81.88,5.0,8.05,2968,3.08189507,2.509346658156362,-0.8608341916767347,0.933456668763438,-0.5031141924155956,0.4628358008574805,83.51,195855.35,63.12,3,both
kabupaten,Sidoarjo,2024,74.63276,82.67,2999.0,6.49,4.53,32100.11,65.1,208986.7,24548.0,146080.0,16.80449069,82.67,4.53,6.49,2999,16.80449069,2.289498980313851,0.3489760844319106,0.4612729745751381,-0.5311084978567671,0.5102375562217426,74.63276,208986.7,65.1,3,both
kabupaten,Sidoarjo,2025,77.11782,83.35,3030.0,5.75,4.4,29004.0,60.57,175677.0,3565.0,147930.0,2.409923613,83.35,4.4,5.75,3030,2.409923613,2.22675409583179,-0.3190129940412946,-0.3225707208928991,-0.7407967427129107,0.6157411151920054,77.11782,175677.0,60.57,3,both
kabupaten,Situbondo,2021,77.58,69.34,412.0,3.68,12.63,30388.14,49.74,151157.12,3915.0,43770.0,8.944482522,69.34,12.63,3.68,412,8.944482522,-1.499464946790048,-0.1311983519963238,-0.041424202710188,-0.1120619904091605,-0.3497268941925693,77.58,151157.12,49.74,2,both
kabupaten,Situbondo,2022,76.31,69.76,418.0,3.38,11.78,26784.22,52.88,141628.0,991.0,45270.0,2.189087696,69.76,11.78,3.38,418,2.189087696,-1.413202970123934,-0.4252846421363793,-0.405507050944799,-0.3357985287503418,-0.3699042118646656,76.31,141628.0,52.88,2,both
kabupaten,Situbondo,2023,76.64,70.65,421.0,3.27,11.9,27917.32,56.34,157273.25,2843.0,46720.0,6.085188356,70.65,11.9,3.27,421,6.085188356,-1.350486457064053,-0.1487501814242632,-0.3954356977274666,-0.2969083498852322,-0.2154825454918159,76.64,157273.25,56.34,2,both
kabupaten,Situbondo,2024,70.4878,71.22,424.0,3.15,11.51,29935.08,54.2,162236.82,18223.0,48200.0,37.80705394,71.22,11.51,3.15,424,37.80705394,-1.283977534450959,1.799023982027818,0.3398979564698332,-0.0522540497426536,-0.20419270853419,70.4878,162236.82,54.2,1,both
kabupaten,Situbondo,2025,71.675,71.87,426.0,3.02,11.17,37251.0,53.47,199165.0,2720.0,49910.0,5.449809657,71.87,11.17,3.02,426,5.449809657,-1.176685187965849,-0.0723633169827459,-0.6066376377913602,-0.4498469818500711,-0.0971746463927616,71.675,199165.0,53.47,2,both
kabupaten,Sumenep,2021,76.17,67.74,565.0,2.31,20.51,40298.59,55.08,221979.41,1715.0,72100.0,2.378640777,67.74,20.51,2.31,565,2.378640777,-2.916966587455937,-0.5279659831908342,-0.6844685293396889,1.051835085495666,0.2398592676460197,76.17,221979.41,55.08,2,both
kabupaten,Sumenep,2022,74.01,68.49,545.0,1.36,18.76,41835.41,55.12,230581.31,73.0,75280.0,0.09697130712,68.49,18.76,1.36,545,0.09697130712,-2.845854540797617,-0.3678070428306158,-1.28735928729228,0.6810571066432576,0.169114028986896,74.01,230581.31,55.12,2,both
kabupaten,Sumenep,2023,77.02,69.13,550.0,1.71,18.7,42432.97,51.33,217810.48,1512.0,78390.0,1.928817451,69.13,18.7,1.71,550,1.928817451,-2.680798142459949,-0.3190505666080449,-1.093818548097977,0.7020453283015031,0.2669110194838152,77.02,217810.48,51.33,2,both
kabupaten,Sumenep,2024,73.78516,69.78,553.0,1.69,17.78,36761.47,51.55,189499.69,13827.0,81720.0,16.91997063,69.78,17.78,1.69,553,16.91997063,-2.507294986944779,0.6287822352752566,-0.7602890192284367,0.6989158155324002,0.252868992848017,73.78516,189499.69,51.55,2,both
kabupaten,Sumenep,2025,73.5036,70.54,556.0,1.64,17.02,35770.0,52.96,189423.0,1900.0,85980.0,2.209816236,70.54,17.02,1.64,556,2.209816236,-2.328588298358816,-0.1907059129601646,-1.219375604376953,0.4171027090834832,0.3102771341144866,73.5036,189423.0,52.96,2,both
kabupaten,Trenggalek,2021,80.84,70.4,641.0,3.53,12.14,22491.95,51.78,116456.34,2388.0,47280.0,5.050761421,70.4,12.14,3.53,641,5.050761421,-1.296558488430829,-0.2830006662470105,-0.3067477440377571,-0.1811944576971504,-0.264787612740725,80.84,116456.34,51.78,2,both
kabupaten,Trenggalek,2022,80.68,71.28,592.0,5.37,10.96,22026.97,52.55,115758.01,817.0,47730.0,1.711711712,71.28,10.96,5.37,592,1.711711712,-0.6267544354249567,-0.8357350250235236,0.4720323342701865,-0.3226325003496594,-0.2286409401572568,80.68,115758.01,52.55,2,both
kabupaten,Trenggalek,2023,81.9,71.96,593.0,4.52,10.63,22049.36,52.1,114874.53,2714.0,48120.0,5.6400665,71.96,10.63,4.52,593,5.6400665,-0.7097113038909907,-0.3791614535017543,0.111800888680839,-0.3942867095403292,-0.1629251218175521,81.9,114874.53,52.1,2,both
kabupaten,Trenggalek,2024,72.02773,72.47,596.0,3.9,10.5,18239.46,57.49,104859.35,17086.0,48240.0,35.41873964,72.47,10.5,3.9,596,35.41873964,-0.7981111291412549,1.555537917907269,0.5537891744113757,-0.1565450986642416,-0.1329845442673299,72.02773,104859.35,57.49,1,both
kabupaten,Trenggalek,2025,76.82007,73.39,598.0,3.86,10.29,27943.0,56.55,158029.0,2560.0,47640.0,5.3736356,73.39,10.29,3.86,598,5.3736356,-0.6548476416722246,-0.195821703685781,-0.2961898107570048,-0.5093599079878083,0.0308168519756233,76.82007,158029.0,56.55,2,both
kabupaten,Tuban,2021,83.0,70.1,656.0,4.68,16.31,88049.64,55.58,489418.62,6450.0,76040.0,8.482377696,70.1,16.31,4.68,656,8.482377696,-1.559667764052247,-0.4926422468619921,0.4589036511000909,0.5839011073595144,0.1508750182378619,83.0,489418.62,55.58,2,both
kabupaten,Tuban,2022,83.02,70.79,613.0,4.54,15.02,85288.02,58.5,498938.59,736.0,75740.0,0.9717454449,70.79,15.02,4.54,613,0.9717454449,-1.361835080335671,-0.8459452686407026,0.1410433475468593,0.2730647327520268,0.1362973421822643,83.02,498938.59,58.5,2,both
kabupaten,Tuban,2023,84.41,71.4,617.0,4.4,14.91,84115.63,59.65,501741.12,5195.0,75880.0,6.846336321,71.4,14.91,4.4,617,6.846336321,-1.312574671010669,-0.4439209313332091,0.194942781824024,0.2988238020502315,0.2161457610685536,84.41,501741.12,59.65,2,both
kabupaten,Tuban,2024,73.65513,72.31,621.0,4.28,14.36,84211.69,62.11,523067.49,45314.0,76930.0,58.90289874,72.31,14.36,4.28,621,58.90289874,-1.199292564414429,2.731165769905901,1.443357182118996,0.7189962472215181,0.2411171047144497,73.65513,523067.49,62.11,1,both
kabupaten,Tuban,2025,73.22961,73.15,624.0,3.44,14.13,96992.0,59.59,577964.0,5577.0,79770.0,6.991350132,73.15,14.13,3.44,624,6.991350132,-1.23778124500897,-0.1441869801221331,-0.3762390725187495,0.0971102708712104,0.4110600757945522,73.22961,577964.0,59.59,2,both
kabupaten,Tulungagung,2021,85.15,73.29,1039.0,4.91,7.51,39850.76,59.7,237916.96,753.0,70920.0,1.061759729,73.29,7.51,4.91,1039,1.061759729,0.0176948238824582,-0.594086597387973,0.0016276581324403,-0.7873090544403938,-0.3601513851140263,85.15,237916.96,59.7,2,both
kabupaten,Tulungagung,2022,86.05,74.14,966.0,6.65,6.71,39531.25,52.42,207217.26,872.0,72160.0,1.208425721,74.14,6.71,6.65,966,1.208425721,0.6071627178687012,-0.9304356387023848,0.834063805621934,-0.8467941371821843,-0.2871877359588528,86.05,207217.26,52.42,2,both
kabupaten,Tulungagung,2023,85.23,74.65,968.0,5.65,6.53,40238.66,58.53,235502.11,3469.0,73380.0,4.727446171,74.65,6.53,5.65,968,4.727446171,0.451321167747791,-0.4739273816225903,0.3983667514576017,-0.90477906964021,-0.2332962303154999,85.23,235502.11,58.53,2,both
kabupaten,Tulungagung,2024,74.93348,75.13,973.0,4.12,6.28,34167.99,62.87,214820.77,28626.0,74310.0,38.52240614,75.13,6.28,4.12,973,38.52240614,0.1572119002858673,1.910239221601957,0.4875428442124533,-0.6969252395491662,-0.2319472244465009,74.93348,214820.77,62.87,1,both
kabupaten,Tulungagung,2025,74.81565,75.88,978.0,4.03,5.96,39342.0,61.15,240566.0,4230.0,74360.0,5.688542227,75.88,5.96,4.03,978,5.688542227,0.2842904313487819,0.0032947535051588,-0.4557370845045915,-1.094493894038844,-0.1059160858642823,74.81565,240566.0,61.15,2,both
